{
  "n_nodes": 54,
  "n_edges": 52,
  "n_articulation_points": 6,
  "n_bridges": 52,
  "diameter": 6,
  "radius": 3.0,
  "degeneracy": 1,
  "k_core_size": 54,
  "maximum_degree": 41,
  "degree_variance": 29.290809327846357,
  "global_clustering": 0.0,
  "degree_assortativity": -0.6961241019812886,
  "degree_entropy": 0.486882465275698,
  "joint_degree_entropy": 0.9636369214826723,
  "degree_skewness": 7.169779316641512,
  "spectral_radius": 6.407288247140567,
  "spectral_radius_ratio": 1.000000000000001,
  "algebraic_connectivity": -3.424922461382998e-16,
  "laplacian_energy": 0.0,
  "spectral_entropy": 0.0
}