{
  "n_nodes": 232,
  "n_edges": 1514,
  "n_articulation_points": 8,
  "n_bridges": 12,
  "diameter": 5,
  "radius": 3.0,
  "degeneracy": 52,
  "k_core_size": 5,
  "maximum_degree": 914,
  "degree_variance": 4105.480083234245,
  "global_clustering": 0.0,
  "degree_assortativity": -0.5891432394981481,
  "degree_entropy": 2.6301797551880437,
  "joint_degree_entropy": 4.242388172509357,
  "degree_skewness": 12.52652143305312,
  "spectral_radius": 121.10992567201666,
  "spectral_radius_ratio": 1.0000000000000007,
  "algebraic_connectivity": -5.577805507614463e-16,
  "laplacian_energy": 0.0,
  "spectral_entropy": 0.0
}